Open Time,Open,High,Low,Close,Volume,Close Time,Quote Volume,Trades,TB Base Volume,TB Quote Volume,Ignore,Daily Volatility,VWAP
2024-01-01,311.9,316.0,307.0,313.5,619455.158,2024-01-01 23:59:59.999,192732706.8128,261880,312400.89200000,97214140.22310000,0,2.9315960912052117,313.5
2024-01-02,313.5,321.3,305.8,312.2,937764.737,2024-01-02 23:59:59.999,295174406.4809,344903,471173.26300000,148344765.23390000,0,5.068672334859385,312.7171342261845
2024-01-03,312.3,334.3,293.6,315.8,2132158.122,2024-01-03 23:59:59.999,676220588.2609,799701,1070778.97700000,339887095.86760000,0,13.862397820163483,314.49877797978974
2024-01-04,315.9,324.3,310.9,323.7,1133774.957,2024-01-04 23:59:59.999,361837483.3215,418424,589998.90600000,188350930.17730000,0,4.310067545834685,316.66170234825734
2024-01-05,323.6,327.3,308.6,317.5,1157056.276,2024-01-05 23:59:59.999,368222963.7918,388664,559873.42500000,178251922.37230000,0,6.059624108878803,316.82389693352286
2024-01-06,317.6,317.6,300.2,307.5,909358.183,2024-01-06 23:59:59.999,278569949.9934,329261,421363.67000000,129040715.70170000,0,5.796135909393749,315.5932301236829
2024-01-07,307.6,310.0,300.0,302.4,498367.089,2024-01-07 23:59:59.999,152361829.1541,206206,242009.58800000,74016497.58360000,0,3.3333333333333335,314.7032558458022
2024-01-08,302.5,308.1,290.0,303.7,984590.842,2024-01-08 23:59:59.999,295303747.6348,351442,477182.07300000,143133820.62230000,0,6.241379310344835,313.4092967991635
2024-01-09,303.6,306.8,295.7,301.1,1401490.155,2024-01-09 23:59:59.999,422526207.0798,423666,716638.00600000,216123361.99070000,0,3.7538045316198927,311.64427419965307
2024-01-10,301.1,310.0,288.8,305.8,1032565.477,2024-01-10 23:59:59.999,308162176.0144,366664,522038.78400000,155900208.64220000,0,7.340720221606643,311.0858556046398
2024-01-11,305.7,316.8,301.4,308.2,1179601.543,2024-01-11 23:59:59.999,365379468.0055,410105,597028.44600000,184955724.59100000,0,5.1094890510949025,310.80184860632886
2024-01-12,308.2,313.0,289.1,296.6,1003340.774,2024-01-12 23:59:59.999,306490270.7949,353574,474977.83400000,145172579.07550000,0,8.267035627810436,309.70486502736685
2024-01-13,296.7,303.1,290.8,302.2,436784.239,2024-01-13 23:59:59.999,130482656.592,186167,224230.59200000,67000300.44160000,0,4.229711141678133,309.46071698092294
2024-01-14,302.2,306.7,298.7,299.5,393054.947,2024-01-14 23:59:59.999,119385412.0975,193008,196080.58300000,59580825.16940000,0,2.678272514228323,309.17741092499585
2024-01-15,299.4,320.6,299.4,317.5,1704540.89,2024-01-15 23:59:59.999,538168739.2421,507633,887606.75700000,280192675.31260000,0,7.08082832331331,310.0912399429646
2024-01-16,317.6,319.4,313.0,315.2,951149.445,2024-01-16 23:59:59.999,301098425.262,285324,457692.81400000,144902769.22800000,0,2.044728434504785,310.3861825050218
2024-01-17,315.1,316.3,306.8,309.4,1071343.496,2024-01-17 23:59:59.999,334015672.2177,303286,494017.99300000,154031037.30890000,0,3.0964797913950455,310.32596841930564
2024-01-18,309.3,315.6,305.7,313.0,921121.889,2024-01-18 23:59:59.999,286764675.8662,300608,463402.86900000,144275322.94840000,0,3.2384690873405413,310.4593436239025
2024-01-19,313.0,316.2,305.0,314.7,835724.4,2024-01-19 23:59:59.999,260212056.1142,262620,419343.06600000,130624389.93130000,0,3.67213114754098,310.64294075706147
2024-01-20,314.7,317.3,312.2,317.2,326090.187,2024-01-20 23:59:59.999,102587302.7284,139000,177514.84300000,55853013.41180000,0,1.6335682254964838,310.7518692008263
2024-01-21,317.3,321.7,316.1,318.6,359764.313,2024-01-21 23:59:59.999,114699882.2174,142612,195370.87800000,62290778.62280000,0,1.7715912685858797,310.89312007216336
2024-01-22,318.7,320.3,303.6,305.9,704437.647,2024-01-22 23:59:59.999,219981142.9426,239986,344481.87300000,107583504.14460000,0,5.500658761528323,310.7231470929408
2024-01-23,305.9,311.7,290.3,298.8,928195.378,2024-01-23 23:59:59.999,277158407.7849,301539,457369.21400000,136605551.09610000,0,7.3716844643472195,310.2113004484227
2024-01-24,298.8,300.7,290.3,293.1,802312.815,2024-01-24 23:59:59.999,236068964.3331,228147,396152.81000000,116598307.21880000,0,3.582500861178084,309.59907295420203
2024-01-25,293.0,296.7,287.5,292.1,1004156.719,2024-01-25 23:59:59.999,293393842.1302,277782,489592.88400000,143066643.55400000,0,3.1999999999999957,308.8490447008688
2024-01-26,292.1,304.2,290.7,302.2,709942.404,2024-01-26 23:59:59.999,212965430.5951,214719,373678.09600000,112057331.34260000,0,4.643962848297214,308.65348537558174
2024-01-27,302.2,307.7,301.9,305.6,285357.667,2024-01-27 23:59:59.999,86914329.9027,124410,143495.00800000,43710407.51250000,0,1.9211659489897357,308.6178092656078
2024-01-28,305.7,309.1,303.1,305.3,409403.057,2024-01-28 23:59:59.999,125348980.2823,146852,203215.16500000,62237128.36350000,0,1.9795447047179147,308.5631108170819
2024-01-29,305.3,311.0,304.4,310.7,442799.505,2024-01-29 23:59:59.999,136398210.8905,168366,233486.14400000,71922009.71830000,0,2.1681997371879183,308.6005465116788
2024-01-30,310.7,313.1,306.3,307.6,386375.467,2024-01-30 23:59:59.999,119841147.8526,153482,193079.45100000,59899819.19590000,0,2.220045706823379,308.58548200174124
2024-01-31,307.7,308.2,298.6,300.5,459007.698,2024-01-31 23:59:59.999,139453769.9253,181983,204858.17800000,62242699.72830000,0,3.2150033489618104,308.44340144064626
2024-02-01,300.5,302.2,296.4,300.2,373269.789,2024-02-01 23:59:59.999,111693886.0914,148954,179146.97800000,53614855.60620000,0,1.9568151147098554,308.3272630147206
2024-02-02,300.2,305.2,299.8,301.4,309501.649,2024-02-02 23:59:59.999,93531533.3372,132879,152342.55500000,46043106.38250000,0,1.8012008005336815,308.24727455138145
2024-02-03,301.4,303.8,299.5,299.7,198730.962,2024-02-03 23:59:59.999,59934756.239,100715,92656.19700000,27948436.68250000,0,1.4357262103505881,308.18436916979823
2024-02-04,299.6,307.7,298.0,304.7,503405.323,2024-02-04 23:59:59.999,153038899.9585,160913,256113.11000000,77859776.10940000,0,3.255033557046976,308.12059943152036
2024-02-05,304.7,306.8,299.5,301.2,488672.271,2024-02-05 23:59:59.999,148229310.0409,156913,229922.51700000,69752159.69260000,0,2.4373956594323913,307.999794092928
2024-02-06,301.2,304.1,300.9,302.7,260762.321,2024-02-06 23:59:59.999,78912339.4264,127238,132573.77100000,40120041.45090000,0,1.0634762379528233,307.9508836103575
2024-02-07,302.8,308.7,300.7,307.3,352421.789,2024-02-07 23:59:59.999,107278134.5215,142539,170806.92000000,52000528.61350000,0,2.660458929165281,307.94286533671027
2024-02-08,307.4,320.6,307.3,319.2,921496.502,2024-02-08 23:59:59.999,290495868.1278,283799,471539.29200000,148643337.63570000,0,4.328018223234627,308.2941569022586
2024-02-09,319.2,326.3,317.9,324.0,739178.081,2024-02-09 23:59:59.999,238469149.4622,246723,365848.87200000,118030881.39770000,0,2.642340358603345,308.67770434246273
2024-02-10,324.0,325.4,318.9,323.0,321477.064,2024-02-10 23:59:59.999,103609947.2204,149800,155513.13500000,50125339.24400000,0,2.0382565067419254,308.82822050372596
2024-02-11,323.0,324.9,320.1,320.7,280308.105,2024-02-11 23:59:59.999,90370119.2085,137326,135466.99700000,43685102.58960000,0,1.4995313964385986,308.9360184521621
2024-02-12,320.6,332.2,315.6,327.8,576734.162,2024-02-12 23:59:59.999,186477781.445,222424,292443.07600000,94585670.56090000,0,5.259822560202777,309.2819811049645
2024-02-13,327.9,329.2,318.6,324.7,441545.83,2024-02-13 23:59:59.999,143321078.2164,203711,221167.14900000,71805986.20890000,0,3.3270558694287398,309.4954669346697
2024-02-14,324.6,334.6,323.4,333.9,452466.98,2024-02-14 23:59:59.999,149740983.6118,200782,231164.76600000,76491751.76660000,0,3.463203463203478,309.8368981257411
2024-02-15,333.9,366.6,333.3,354.2,1361590.403,2024-02-15 23:59:59.999,478646206.0905,448821,680704.87400000,239274487.35210000,0,9.990999099909995,311.62917201700066
2024-02-16,354.3,366.8,349.1,360.4,1061855.986,2024-02-16 23:59:59.999,380862085.144,360598,526744.00900000,188978532.31360000,0,5.070180464050412,313.1188408350261
2024-02-17,360.4,363.7,348.2,352.9,630266.52,2024-02-17 23:59:59.999,224091913.1848,244807,295506.71900000,105137200.16460000,0,4.451464675473866,313.827214792703
2024-02-18,352.9,358.1,349.1,349.8,495667.634,2024-02-18 23:59:59.999,174916562.0411,224130,224377.78800000,79205083.55640000,0,2.578057863076482,314.3240197050561
2024-02-19,349.8,356.2,349.3,351.6,830917.534,2024-02-19 23:59:59.999,292956743.1504,345997,414590.47100000,146196834.04310000,0,1.9753793300887426,315.16748711376727
2024-02-20,351.7,361.6,344.8,354.6,972650.558,2024-02-20 23:59:59.999,344718252.3894,339802,477822.29200000,169438066.69680000,0,4.872389791183298,316.18499787507284
2024-02-21,354.6,379.3,350.9,379.2,1701415.313,2024-02-21 23:59:59.999,622522220.3496,514587,840914.69800000,307706688.43330000,0,8.093473924194937,318.906499229247
2024-02-22,379.2,387.3,373.7,382.6,1409647.481,2024-02-22 23:59:59.999,536344338.408,444044,687873.96100000,261809299.72210000,0,3.6392828472036456,321.1068480561392
2024-02-23,382.7,385.8,369.0,375.5,1027891.295,2024-02-23 23:59:59.999,386866756.7837,369744,481409.98000000,181259570.19960000,0,4.552845528455288,322.44335995225646
2024-02-24,375.5,383.3,371.7,381.7,444587.481,2024-02-24 23:59:59.999,168773631.0203,205659,223853.01100000,84995464.71520000,0,3.1207963411353306,323.0664982965249
2024-02-25,381.6,391.0,377.6,388.5,643002.671,2024-02-25 23:59:59.999,247170192.0434,254167,323037.56800000,124237693.01900000,0,3.548728813559316,324.04677271453784
2024-02-26,388.5,404.9,382.0,401.6,1196262.204,2024-02-26 23:59:59.999,470452539.8288,439494,603448.97400000,237386073.85520000,0,5.994764397905753,326.1496897588432
2024-02-27,401.5,403.7,389.6,394.6,915873.073,2024-02-27 23:59:59.999,364167988.7186,359085,453326.35900000,180285597.17770000,0,3.6190965092402374,327.5418296400052
2024-02-28,394.6,427.3,394.1,414.6,1348008.995,2024-02-28 23:59:59.999,552001541.8641,632216,683791.98000000,280131088.27020000,0,8.424257802588173,330.0720892803654
2024-02-29,414.7,419.7,391.1,399.4,1146024.362,2024-02-29 23:59:59.999,469627729.0748,580983,525888.68300000,215574904.49180000,0,7.312707747379179,331.7438115937429
2024-03-01,399.3,408.6,398.8,407.4,586580.611,2024-03-01 23:59:59.999,237860266.1338,311204,285002.92800000,115581867.38900000,0,2.45737211634905,332.6661855459352
2024-03-02,407.4,414.8,405.8,410.9,590018.543,2024-03-02 23:59:59.999,241430398.0742,317270,291005.33900000,119093267.22620000,0,2.217841301133563,333.61395264048133
2024-03-03,410.9,416.8,402.2,414.5,838274.346,2024-03-03 23:59:59.999,344938583.2117,383839,415127.00600000,170878289.81820000,0,3.6300348085529643,334.9825945563429
2024-03-04,414.5,423.8,410.6,418.4,1045414.001,2024-03-04 23:59:59.999,436000270.4003,477914,512280.83100000,213699810.30190000,0,3.2148075986361393,336.7064705405976
2024-03-05,418.5,427.2,356.1,394.1,2073303.79,2024-03-05 23:59:59.999,842880032.1611,919160,1002333.24000000,407656759.51410000,0,19.966301600673958,338.9661272758513
2024-03-06,394.1,434.7,385.6,429.4,1804741.112,2024-03-06 23:59:59.999,751515764.4224,770778,909402.51500000,379211335.54990000,0,12.733402489626547,341.9627228425934
2024-03-07,429.4,476.8,423.2,474.6,1672134.41,2024-03-07 23:59:59.999,749769224.1366,665523,892164.71900000,399906260.09020000,0,12.665406427221177,345.913532927874
2024-03-08,474.6,489.6,462.5,485.8,1660311.361,2024-03-08 23:59:59.999,791088261.862612,706558,819263.00800000,390417132.54361200,0,5.8594594594594644,349.9319611756691
2024-03-09,485.8,493.8,480.7,488.3,852029.241,2024-03-09 23:59:59.999,414533147.6676,433520,423776.86700000,206221495.02060000,0,2.725192427709595,351.94209876225364
2024-03-10,488.3,537.5,484.8,528.9,1944137.084,2024-03-10 23:59:59.999,1008148996.342,909899,981900.42600000,508822537.79830000,0,10.870462046204619,357.61976215097576
2024-03-11,528.9,533.8,505.5,523.0,1608146.397,2024-03-11 23:59:59.999,837717178.0817,729133,799348.50500000,416480285.17780000,0,5.59841740850642,361.895451863985
2024-03-12,523.0,548.5,519.0,537.5,1924767.687,2024-03-12 23:59:59.999,1029803000.1368,974595,970287.54500000,519132454.83840000,0,5.684007707129094,367.1662456429938
2024-03-13,537.4,633.5,531.7,630.5,2526002.564,2024-03-13 23:59:59.999,1472173679.0133,1265237,1299773.56000000,757460406.76810000,0,19.146135038555567,377.14608061806285
2024-03-14,630.5,631.5,565.5,603.2,2119540.3,2024-03-14 23:59:59.999,1276710945.0094,1038297,1024242.99500000,617049992.15530000,0,11.671087533156498,384.1130084552667
2024-03-15,603.2,635.2,540.9,632.7,3066312.788,2024-03-15 23:59:59.999,1801522551.2584,1365283,1511465.03900000,888741399.14540000,0,17.433906452209293,394.72356118258887
2024-03-16,632.7,645.2,567.2,576.4,1811838.042,2024-03-16 23:59:59.999,1089990828.5325,1025452,887759.65800000,534198536.32740000,0,13.751763046544427,399.19290369522
2024-03-17,576.4,590.5,548.6,571.7,1712920.341,2024-03-17 23:59:59.999,984797926.6451,802297,842602.71800000,484581547.21040000,0,7.637623040466638,403.11379547983626
2024-03-18,571.7,587.7,540.1,555.4,2284301.814,2024-03-18 23:59:59.999,1280062076.3232,994512,1105043.03300000,619415247.58230000,0,8.813182743936313,407.59388418805213
2024-03-19,555.4,560.6,495.8,507.7,2551361.512,2024-03-19 23:59:59.999,1331115169.0283,1213572,1264212.90700000,659751785.49360000,0,13.069786204114564,410.7785542803344
2024-03-20,507.7,559.0,500.0,556.8,1425296.579,2024-03-20 23:59:59.999,749188287.3,809335,722627.97400000,379956281.89590000,0,11.799999999999999,413.32833723287473
2024-03-21,556.7,571.0,540.6,553.8,953921.372,2024-03-21 23:59:59.999,530484956.5965,563996,490822.15900000,273124065.47100000,0,5.623381428042911,414.9510309880177
2024-03-22,553.8,588.1,535.5,553.8,1181298.51,2024-03-22 23:59:59.999,665146195.2231,712381,597088.42500000,336453582.36860000,0,9.82259570494865,416.90928449183497
2024-03-23,553.8,567.7,543.4,551.9,608753.329,2024-03-23 23:59:59.999,338703185.9031,381050,300426.23100000,167212492.71340000,0,4.471843945528168,417.8833022131481
2024-03-24,551.9,573.0,548.7,567.7,442930.35,2024-03-24 23:59:59.999,247685878.078,316278,228019.04500000,127551786.51820000,0,4.428649535265164,418.66572808025717
2024-03-25,567.8,598.0,564.4,587.0,802695.512,2024-03-25 23:59:59.999,469579231.5133,583070,419512.15000000,245519376.50170000,0,5.9532246633593235,420.24399285100884
2024-03-26,587.1,597.0,571.9,580.4,569324.079,2024-03-26 23:59:59.999,332801887.0926,435915,283964.01500000,165946829.63060000,0,4.388879174680892,421.3019810101113
2024-03-27,580.4,585.6,560.3,574.3,531668.402,2024-03-27 23:59:59.999,305741133.052,425362,266798.08600000,153468831.58030000,0,4.5154381581295855,422.2400477158598
2024-03-28,574.2,591.7,574.1,583.4,503901.624,2024-03-28 23:59:59.999,294749471.6428,417770,270251.48200000,158116207.35100000,0,3.065668002090232,423.17114178482194
2024-03-29,583.4,620.0,582.1,612.5,1042401.169,2024-03-29 23:59:59.999,635441895.7802,774967,556926.88900000,339337933.22120000,0,6.51090877856038,425.4071976103056
2024-03-30,612.5,612.9,596.9,600.7,501020.148,2024-03-30 23:59:59.999,303309397.2959,418779,239371.05200000,144936419.26490000,0,2.680515999329871,426.39664311230973
2024-03-31,600.7,608.8,600.4,606.7,325136.967,2024-03-31 23:59:59.999,196801011.3464,281965,165444.87300000,100153752.19360000,0,1.3990672884743467,427.0546869773607
2024-04-01,606.7,607.7,568.7,575.8,723114.09,2024-04-01 23:59:59.999,422232040.5397,550127,335240.83600000,195706037.70810000,0,6.857745735888869,428.2523203516945
2024-04-02,575.8,578.2,546.3,551.4,998260.814,2024-04-02 23:59:59.999,557890803.7339,619723,492854.58400000,275426760.23620000,0,5.839282445542759,429.6060856830244
2024-04-03,551.4,567.9,539.0,561.5,683925.233,2024-04-03 23:59:59.999,380450017.1563,403926,344570.76300000,191753422.47730000,0,5.361781076066786,430.5920197669302
2024-04-04,561.6,597.6,560.8,585.5,879640.68,2024-04-04 23:59:59.999,513029443.1814,573215,461868.58400000,269312881.60540000,0,6.562054208273907,432.06717620707144
2024-04-05,585.4,591.5,564.4,577.8,634206.619,2024-04-05 23:59:59.999,367049671.0699,487996,305955.90400000,177073383.83470000,0,4.801559177888027,433.0609225718654
2024-04-06,577.8,591.3,575.1,585.4,226975.996,2024-04-06 23:59:59.999,132278897.6139,224088,117560.10500000,68527939.58720000,0,2.816901408450692,433.43179118288293
2024-04-07,585.5,591.1,578.0,583.9,263849.216,2024-04-07 23:59:59.999,154585203.3597,251758,134389.43600000,78735702.56650000,0,2.2664359861591734,433.8564127734725
2024-04-08,583.8,601.1,577.7,586.4,483568.312,2024-04-08 23:59:59.999,285425656.2693,439330,264174.24200000,155965427.26450000,0,4.050545265708841,434.6413102196516
2024-04-09,586.3,590.3,571.2,580.5,596275.792,2024-04-09 23:59:59.999,345991219.2587,482272,290685.32300000,168702490.94610000,0,3.3438375350139897,435.56089942960284
2024-04-10,580.4,610.6,573.4,609.7,816050.7,2024-04-10 23:59:59.999,483100690.5672,590395,429234.13000000,254236844.90120000,0,6.487617718869906,437.0505918782642
2024-04-11,609.7,618.4,592.0,604.6,579678.194,2024-04-11 23:59:59.999,350892798.4008,473253,299213.70100000,181290589.25990000,0,4.459459459459455,438.0625951905736
2024-04-12,604.6,634.5,571.0,595.6,1517722.658,2024-04-12 23:59:59.999,922093314.9389,1060352,767444.37800000,467016131.48900000,0,11.120840630472854,440.51512299671884
2024-04-13,595.6,600.2,508.0,553.1,1761628.473,2024-04-13 23:59:59.999,988296299.5608,1267107,866685.16600000,486598854.69950000,0,18.149606299212607,442.513395353714
2024-04-14,553.0,576.0,536.1,566.4,965488.003,2024-04-14 23:59:59.999,533164946.8269,692805,491692.34100000,271628980.72530000,0,7.442641298265245,443.70690873396387
2024-04-15,566.4,585.5,544.7,552.7,698443.303,2024-04-15 23:59:59.999,395592622.7526,596403,345855.78500000,195898509.38830000,0,7.490361666972636,444.4612536557473
2024-04-16,552.7,554.2,522.8,537.6,623668.813,2024-04-16 23:59:59.999,336470058.8908,452185,304922.90900000,164565873.95930000,0,6.006120887528709,445.0333228279369
2024-04-17,537.5,547.9,512.6,534.1,657909.358,2024-04-17 23:59:59.999,350644262.6027,464395,320981.62600000,171208365.50970000,0,6.886461178306663,445.6067002436498
2024-04-18,534.0,555.9,527.0,552.1,589697.296,2024-04-18 23:59:59.999,322107047.8927,470350,316463.90200000,172896600.29090000,0,5.4838709677419315,446.21765906483114
2024-04-19,552.0,564.3,524.0,554.0,545504.183,2024-04-19 23:59:59.999,299560802.6402,367418,269449.71400000,148051208.00690000,0,7.69083969465648,446.78665276683114
2024-04-20,554.1,574.3,548.8,570.9,242132.859,2024-04-20 23:59:59.999,136141960.463,214259,125243.22200000,70460483.21020000,0,4.6465014577259485,447.0767993883198
2024-04-21,570.9,582.6,566.3,579.6,277755.724,2024-04-21 23:59:59.999,159867167.9353,259682,145080.31800000,83541997.51420000,0,2.878333039025264,447.43123483584117
2024-04-22,579.6,608.7,578.4,604.5,522892.157,2024-04-22 23:59:59.999,312535591.8883,421292,264368.71700000,157917800.30980000,0,5.238589211618269,448.21810488083906
2024-04-23,604.4,618.3,598.7,606.2,556883.344,2024-04-23 23:59:59.999,338016342.9297,467839,289972.31200000,176045137.62590000,0,3.2737598129279952,449.0565248952892
2024-04-24,606.2,618.5,592.6,608.8,656953.677,2024-04-24 23:59:59.999,398136610.0393,544681,332901.77000000,201750686.75260000,0,4.370570367870397,450.05041288234673
2024-04-25,608.8,617.9,600.7,613.2,453745.517,2024-04-25 23:59:59.999,276456819.9268,353114,234863.89400000,143112189.83310000,0,2.8633261195272066,450.7485096272232
2024-04-26,613.3,615.0,597.0,598.0,302119.884,2024-04-26 23:59:59.999,182921811.3128,269508,141042.76700000,85400758.91250000,0,3.015075376884422,451.16684129064964
2024-04-27,598.0,599.7,585.0,596.2,268783.912,2024-04-27 23:59:59.999,159075524.0425,233820,126172.26900000,74683729.51930000,0,2.5128205128205208,451.53248324909083
2024-04-28,596.2,609.0,596.2,600.2,258059.431,2024-04-28 23:59:59.999,155563327.3273,206703,133451.22500000,80443610.86820000,0,2.1469305602146855,451.8914641416187
2024-04-29,600.2,602.8,581.3,592.8,330474.005,2024-04-29 23:59:59.999,194895190.9459,271926,160573.30600000,94733598.07970000,0,3.6986065714777228,452.32584356732076
2024-04-30,592.8,604.3,555.7,578.4,766513.446,2024-04-30 23:59:59.999,442024066.4745,486465,381771.83300000,220252556.34800000,0,8.745726111211068,453.220891456725
2024-05-01,578.4,580.4,536.7,561.8,669027.318,2024-05-01 23:59:59.999,371042856.3967,427425,334188.49600000,185280961.67540000,0,8.14235140674491,453.8895551742183
2024-05-02,561.8,565.9,539.5,560.5,359794.315,2024-05-02 23:59:59.999,200004508.9447,250921,186000.36200000,103351107.61530000,0,4.893419833178865,454.2414685238265
2024-05-03,560.5,590.0,558.9,587.0,342906.433,2024-05-03 23:59:59.999,196300747.86,257575,174598.70600000,99981862.07150000,0,5.564501699767405,454.6578156972005
2024-05-04,587.0,593.6,582.5,585.7,197129.251,2024-05-04 23:59:59.999,115907821.4002,210303,100754.27300000,59247616.88030000,0,1.905579399141635,454.8936448356524
2024-05-05,585.7,595.0,579.3,592.0,180458.236,2024-05-05 23:59:59.999,106025278.2271,180794,90484.95200000,53184948.64630000,0,2.7101674434662604,455.11914905548645
2024-05-06,592.0,602.3,583.1,588.2,278669.005,2024-05-06 23:59:59.999,164915187.6334,248490,141943.91800000,84020361.37790000,0,3.2927456696964383,455.45629890402387
2024-05-07,588.2,600.4,576.0,576.5,289488.709,2024-05-07 23:59:59.999,170615635.1222,266127,145582.53000000,85855848.60960000,0,4.236111111111107,455.774023684676
2024-05-08,576.5,590.0,574.4,588.6,297016.617,2024-05-08 23:59:59.999,173445200.0971,249379,154885.80100000,90466411.80010000,0,2.7158774373259096,456.13078108237636
2024-05-09,588.6,605.8,586.3,596.8,464857.601,2024-05-09 23:59:59.999,277461169.032,332988,235310.80200000,140497811.20410000,0,3.3259423503325944,456.7196334552874
2024-05-10,596.8,597.0,581.5,585.6,296215.516,2024-05-10 23:59:59.999,174757720.3065,243047,149140.71900000,88000174.01730000,0,2.6655202063628547,457.0624999672164
2024-05-11,585.7,594.5,580.8,592.2,210698.305,2024-05-11 23:59:59.999,123879065.4674,176392,110856.40600000,65157095.58090000,0,2.358815426997253,457.31773858480017
2024-05-12,592.2,600.1,587.3,594.8,191190.562,2024-05-12 23:59:59.999,113647065.6195,197594,99884.34400000,59380608.41010000,0,2.179465349906363,457.5529611027275
2024-05-13,594.8,598.4,585.2,591.7,389810.286,2024-05-13 23:59:59.999,231181529.9276,289913,202020.78200000,119809450.11960000,0,2.255639097744349,458.01928517139817
2024-05-14,591.7,593.1,562.0,567.1,453308.316,2024-05-14 23:59:59.999,260670269.0921,326414,197408.49500000,113573835.74700000,0,5.533807829181499,458.45846564528307
2024-05-15,567.1,587.3,560.0,581.0,402812.993,2024-05-15 23:59:59.999,231640318.7261,368277,205975.60000000,118462827.96140000,0,4.874999999999992,458.89532047355624
2024-05-16,581.0,586.6,565.1,569.2,411937.056,2024-05-16 23:59:59.999,237940982.045,353258,200161.00300000,115716516.06590000,0,3.8046363475491063,459.29599776045643
2024-05-17,569.2,584.5,568.6,580.9,236919.616,2024-05-17 23:59:59.999,136736066.0091,229514,129057.13500000,74481741.59220000,0,2.7963418923672134,459.5495178925294
2024-05-18,580.9,581.9,574.2,580.3,168074.711,2024-05-18 23:59:59.999,97276169.0784,147254,79240.40400000,45864409.13820000,0,1.3409961685823635,459.72784319384374
2024-05-19,580.3,581.9,571.3,574.5,142157.485,2024-05-19 23:59:59.999,82153015.5064,136817,65461.05200000,37839102.32220000,0,1.8554174689305134,459.8710243493363
2024-05-20,574.6,602.0,568.8,599.6,469252.806,2024-05-20 23:59:59.999,273916587.4838,329460,260534.37900000,152354885.38750000,0,5.836849507735592,460.44406863883006
2024-05-21,599.6,631.4,593.3,618.5,1023559.613,2024-05-21 23:59:59.999,629680133.3534,714176,542593.38800000,333817937.52500000,0,6.421709084780049,461.8454329006908
2024-05-22,618.5,626.3,610.1,614.8,404848.487,2024-05-22 23:59:59.999,250112541.59,358849,203014.34400000,125467545.85430000,0,2.655302409441064,462.3799501416334
2024-05-23,614.8,617.5,580.0,599.3,607671.947,2024-05-23 23:59:59.999,365408323.5065,452702,287636.08800000,172962658.45320000,0,6.4655172413793105,463.0943986010729
2024-05-24,599.4,605.5,588.3,600.3,251965.176,2024-05-24 23:59:59.999,150540221.747,234072,122857.32700000,73448527.34080000,0,2.9236783953765166,463.39061453085196
2024-05-25,600.3,606.7,599.5,602.4,121538.958,2024-05-25 23:59:59.999,73238183.6787,152418,60656.81700000,36555098.02640000,0,1.2010008340283647,463.5352263024286
2024-05-26,602.3,605.4,598.0,600.2,122983.66,2024-05-26 23:59:59.999,73993292.513,136737,58421.59200000,35157440.70110000,0,1.2374581939799294,463.6789376583708
2024-05-27,600.3,614.4,599.6,603.9,229302.377,2024-05-27 23:59:59.999,138990897.2628,213322,115446.80200000,70007104.61700000,0,2.4683122081387516,463.9533213150896
2024-05-28,603.9,606.0,593.8,601.7,284862.985,2024-05-28 23:59:59.999,170866428.7429,276265,138252.74100000,82947402.72810000,0,2.0545638262041166,464.2873618176129
2024-05-29,601.7,603.6,593.1,595.7,212706.254,2024-05-29 23:59:59.999,127314783.2932,297215,104306.50700000,62443538.16620000,0,1.7703591299949417,464.52488919328147
2024-05-30,595.7,602.2,586.5,595.1,225452.344,2024-05-30 23:59:59.999,134058231.5414,247441,114106.63100000,67879041.84060000,0,2.6768968456948072,464.7745671537698
2024-05-31,595.1,599.0,590.0,593.7,168608.054,2024-05-31 23:59:59.999,100127890.5189,192563,84038.11300000,49915396.24100000,0,1.5254237288135595,464.9586703618175
2024-06-01,593.8,608.4,593.1,601.9,156464.894,2024-06-01 23:59:59.999,93807304.5433,168039,88983.01700000,53373596.06170000,0,2.5796661608497646,465.1398964738149
2024-06-02,601.9,606.0,596.0,602.9,198299.996,2024-06-02 23:59:59.999,119216586.139,205029,101463.43400000,61013044.41880000,0,1.6778523489932886,465.37056465329243
2024-06-03,602.8,638.8,601.2,626.4,654161.467,2024-06-03 23:59:59.999,408619568.5288,445986,350949.95800000,219117294.85070000,0,6.254158349966718,466.2551494264336
2024-06-04,626.4,688.2,624.8,685.7,736322.6803,2024-06-04 23:59:59.999,480618195.60853,560841,403884.75890000,263870217.18372000,0,10.14724711907812,467.60369527285934
2024-06-05,685.7,716.0,684.7,698.8,673820.5652,2024-06-05 23:59:59.999,471592896.6752871,516891,346403.53970000,242379830.29250710,0,4.571345114648744,468.8965860149638
2024-06-06,698.8,721.8,692.0,711.2,544042.9592,2024-06-06 23:59:59.999,383971667.0546109,424589,274383.63010000,193735352.29719090,0,4.306358381502884,469.9856989658978
2024-06-07,711.1,712.0,658.9,684.0,594753.99,2024-06-07 23:59:59.999,411647370.9832,467676,271049.46400000,187511996.08800000,0,8.058886022158147,471.0321804381289
2024-06-08,684.0,694.9,677.9,682.7,216849.473,2024-06-08 23:59:59.999,148522259.267,226469,105309.81400000,72154973.47640000,0,2.5077445050892466,471.40887643747556
2024-06-09,682.7,684.8,670.3,673.0,173565.78,2024-06-09 23:59:59.999,117580243.2205,205290,81637.72600000,55313473.71770000,0,2.1632105027599584,471.69562095790235
2024-06-10,673.1,674.8,613.3,625.1,692122.616,2024-06-10 23:59:59.999,443628428.2456,698508,310647.87400000,199216779.47130000,0,10.027718897766185,472.5608359187668
2024-06-11,625.1,629.0,595.8,602.5,640655.92,2024-06-11 23:59:59.999,392329646.8744,607996,301131.19500000,184508015.76140000,0,5.572339711312528,473.2356850843149
2024-06-12,602.5,635.4,591.3,619.4,454148.661,2024-06-12 23:59:59.999,280606534.9802,418125,228189.54400000,141034295.85020000,0,7.458143074581434,473.77183374080903
2024-06-13,619.4,619.9,595.6,599.8,313465.472,2024-06-13 23:59:59.999,189807512.1516,444439,148302.88200000,89820260.24990000,0,4.07991940899932,474.09011054137056
2024-06-14,599.8,612.5,590.0,603.3,279802.085,2024-06-14 23:59:59.999,168377597.5893,579504,140105.51700000,84383515.84540000,0,3.8135593220338984,474.38072449215423
2024-06-15,603.3,609.7,601.3,608.2,122650.197,2024-06-15 23:59:59.999,74376625.4952,239966,62007.24100000,37603630.41450000,0,1.3969732246798756,474.51252853042325
2024-06-16,608.2,611.8,601.1,610.8,104827.154,2024-06-16 23:59:59.999,63655028.5963,157731,53108.60800000,32259444.98210000,0,1.7800698719015025,474.6271605860797
2024-06-17,610.9,612.6,591.4,604.3,235509.028,2024-06-17 23:59:59.999,141794445.7183,287903,110663.52800000,66617756.01670000,0,3.584714237402781,474.87173613499607
2024-06-18,604.3,605.2,575.0,588.6,459142.573,2024-06-18 23:59:59.999,269411551.1401,723050,247053.99200000,144990083.64230000,0,5.252173913043486,475.28839288236395
2024-06-19,588.6,605.9,586.6,599.3,260529.062,2024-06-19 23:59:59.999,155686523.0016,302529,138838.99000000,82950824.86660000,0,3.290146607569034,475.54565691395516
2024-06-20,599.3,608.0,584.6,587.7,289498.772,2024-06-20 23:59:59.999,172878669.7902,300306,147839.83400000,88273735.15070000,0,4.002736914129315,475.80359970868057
2024-06-21,587.7,589.3,577.8,586.1,191182.614,2024-06-21 23:59:59.999,111683509.5204,231903,93121.84900000,54398247.65800000,0,1.9903080650744205,475.97086706559884
2024-06-22,586.2,591.4,581.0,591.1,100439.584,2024-06-22 23:59:59.999,58889744.9883,146230,45174.85300000,26491386.45100000,0,1.7900172117039548,476.0625198631659
2024-06-23,591.1,593.2,576.0,577.5,141025.834,2024-06-23 23:59:59.999,82700074.1585,187493,62626.81500000,36737322.33080000,0,2.9861111111111187,476.17577751237826
2024-06-24,577.5,582.0,551.2,568.1,356915.248,2024-06-24 23:59:59.999,201975223.9453,476485,162563.58100000,92015443.50710000,0,5.587808417997088,476.4348015087086
2024-06-25,568.1,580.0,566.4,578.2,177300.699,2024-06-25 23:59:59.999,101775508.7125,223077,90984.06700000,52242939.80640000,0,2.4011299435028293,476.5770498393919
2024-06-26,578.3,584.7,567.4,573.0,154770.344,2024-06-26 23:59:59.999,89021816.7667,223761,73108.19500000,42061839.15080000,0,3.0489954176947602,476.69456016067875
2024-06-27,573.1,584.7,566.4,581.7,199582.231,2024-06-27 23:59:59.999,114879067.5068,224133,102042.23500000,58708751.20420000,0,3.230932203389843,476.8593231034191
2024-06-28,581.8,585.3,565.6,567.4,210308.565,2024-06-28 23:59:59.999,120971213.4525,236220,104011.50500000,59848910.89010000,0,3.483026874115971,477.00877763513046
2024-06-29,567.4,573.9,566.9,570.0,99951.169,2024-06-29 23:59:59.999,57037745.3195,184735,55534.32600000,31690070.29450000,0,1.2347856764861527,477.0816726203703
2024-06-30,570.0,585.3,568.3,582.2,169894.148,2024-06-30 23:59:59.999,98063504.92,272102,100982.09300000,58291561.31520000,0,2.991377793418969,477.2215496481293
2024-07-01,582.3,588.3,576.2,576.9,188481.951,2024-07-01 23:59:59.999,109661771.2101,255430,100389.28100000,58428465.07610000,0,2.099965289829904,477.3684828445066
2024-07-02,576.9,582.0,573.9,580.1,144561.934,2024-07-02 23:59:59.999,83595650.9873,307060,73594.55700000,42560198.83270000,0,1.411395713538948,477.48449828751245
2024-07-03,580.1,581.0,550.5,556.7,288318.808,2024-07-03 23:59:59.999,162074388.468,294233,140331.93300000,78834004.83010000,0,5.540417801998183,477.6625164154043
2024-07-04,556.7,558.1,511.6,513.6,511359.494,2024-07-04 23:59:59.999,271362063.6033,527426,240501.41900000,127567491.80480000,0,9.089132134480062,477.80518472895477
2024-07-05,513.5,516.1,454.8,497.7,992708.164,2024-07-05 23:59:59.999,477944738.996,850494,484298.10500000,233016332.06540000,0,13.47845206684257,477.9573378438309
2024-07-06,497.8,530.7,496.0,526.0,226597.141,2024-07-06 23:59:59.999,116325464.473,290569,116253.70600000,59659035.19840000,0,6.995967741935492,478.04106056583447
2024-07-07,526.0,526.6,488.4,490.7,279027.459,2024-07-07 23:59:59.999,141525511.5082,318001,126961.71800000,64382611.74200000,0,7.82145782145783,478.0681671730453
2024-07-08,490.7,524.2,471.0,510.6,580970.096,2024-07-08 23:59:59.999,290874412.6181,660754,284892.08400000,142598645.71940000,0,11.29511677282379,478.2125651893497
2024-07-09,510.5,520.8,506.5,516.9,203358.601,2024-07-09 23:59:59.999,104783981.2704,271013,104243.30700000,53743420.11590000,0,2.8232971372161804,478.2725798238714
2024-07-10,516.9,529.4,511.3,524.7,205460.208,2024-07-10 23:59:59.999,107482904.158,292550,103989.25900000,54420845.03990000,0,3.539996088402105,478.34523169830914
2024-07-11,524.7,545.1,520.1,524.8,262788.577,2024-07-11 23:59:59.999,139656345.3707,416058,128694.69300000,68426446.59150000,0,4.8067679292443755,478.4380242178985
2024-07-12,524.9,537.5,517.0,533.8,207870.778,2024-07-12 23:59:59.999,109277155.6752,396773,100392.81000000,52804342.19630000,0,3.9651837524177944,478.5253606698446
2024-07-13,533.9,539.4,527.3,532.4,161128.431,2024-07-13 23:59:59.999,85959545.6284,281396,79500.68600000,42421231.60630000,0,2.2947088943675373,478.5911592218319
2024-07-14,532.5,547.7,531.2,544.8,148566.273,2024-07-14 23:59:59.999,79894219.4869,284131,77489.59200000,41688962.27750000,0,3.1061746987951806,478.6656336552309
2024-07-15,544.9,586.8,543.8,585.3,335372.772,2024-07-15 23:59:59.999,189865878.4188,573071,179866.45500000,101808951.04370000,0,7.9073188672306,478.9357150206701
2024-07-16,585.3,587.5,554.4,576.2,347825.03,2024-07-16 23:59:59.999,198747610.3712,506046,167683.95500000,95785537.91010000,0,5.970418470418474,479.1905414912663
2024-07-17,576.3,584.0,564.3,568.9,198271.205,2024-07-17 23:59:59.999,114191416.2815,380173,95261.72900000,54893933.65910000,0,3.4910508594719203,479.3243180680473
2024-07-18,568.9,579.6,561.6,571.9,153121.784,2024-07-18 23:59:59.999,87460889.8859,381280,75653.04600000,43232124.77430000,0,3.205128205128205,479.43080988366603
2024-07-19,572.0,598.7,565.0,593.4,331877.529,2024-07-19 23:59:59.999,194179639.0283,580567,169982.64400000,99473966.91720000,0,5.964601769911512,479.71425318539156
2024-07-20,593.4,597.9,586.7,593.1,144679.404,2024-07-20 23:59:59.999,85733754.6122,226000,75833.91800000,44950408.27870000,0,1.9089824441792962,479.8370523632348
2024-07-21,593.2,603.4,581.5,602.5,243931.763,2024-07-21 23:59:59.999,145514213.204,301302,137654.34500000,82196722.12710000,0,3.766122098022352,480.06062556169337
2024-07-22,602.5,605.6,580.3,587.2,212452.69,2024-07-22 23:59:59.999,126474838.8711,418597,99386.20200000,59218056.20180000,0,4.359813889367581,480.23043446407775
2024-07-23,587.3,593.5,577.2,581.9,214355.311,2024-07-23 23:59:59.999,125103987.1786,305938,103985.68500000,60704853.90160000,0,2.823977823977816,480.39275758801546
2024-07-24,582.0,589.1,570.4,574.9,160535.208,2024-07-24 23:59:59.999,93548644.6785,209580,76442.27100000,44570590.12270000,0,3.2784011220196434,480.50562578381994
2024-07-25,574.9,576.6,553.1,570.6,286997.522,2024-07-25 23:59:59.999,161664095.8419,331659,137395.30400000,77412925.53230000,0,4.248779605857892,480.6975747384331
2024-07-26,570.7,582.8,570.2,580.9,155492.92,2024-07-26 23:59:59.999,89808484.418,189339,78652.35700000,45428084.82120000,0,2.209750964573818,480.8131055341206
2024-07-27,580.9,592.8,572.6,581.6,184468.855,2024-07-27 23:59:59.999,107622930.3255,229095,90689.81400000,52929207.66310000,0,3.5277680754453247,480.950776510592
2024-07-28,581.6,584.9,574.5,583.9,92606.642,2024-07-28 23:59:59.999,53762708.786,131654,45934.88200000,26669496.37250000,0,1.8102697998259316,481.02132419758107
2024-07-29,583.9,598.0,572.2,574.3,213824.089,2024-07-29 23:59:59.999,125254349.9433,303558,104271.08500000,61157594.76120000,0,4.508912967493875,481.1686809196402
2024-07-30,574.3,588.3,566.6,588.2,165024.413,2024-07-30 23:59:59.999,94752452.1439,288160,82571.95200000,47456719.21000000,0,3.829862336745488,481.29901585760774
2024-07-31,588.1,592.9,574.7,576.5,194701.723,2024-07-31 23:59:59.999,113838698.8411,297654,93988.40700000,54989504.62380000,0,3.1668696711327526,481.43559660877577
2024-08-01,576.5,578.0,553.7,575.1,280418.865,2024-08-01 23:59:59.999,158920157.6353,463264,129509.12200000,73374507.30180000,0,4.388658118114494,481.62873278193075
2024-08-02,575.2,577.6,540.2,542.9,283605.001,2024-08-02 23:59:59.999,158973647.91,431920,128684.10700000,72122137.08590000,0,6.923361717882261,481.7562438322506
2024-08-03,542.9,545.3,521.3,529.6,245777.525,2024-08-03 23:59:59.999,131076763.6382,376792,113448.99700000,60513581.02460000,0,4.603874928064455,481.84237532229497
2024-08-04,529.7,532.2,486.5,496.9,390238.285,2024-08-04 23:59:59.999,198331072.8714,521749,180912.74200000,91921638.99260000,0,9.393627954779044,481.8852934973866
2024-08-05,496.9,499.9,400.0,464.2,2114679.75,2024-08-05 23:59:59.999,936709946.2717,1999683,991325.44300000,439439578.56400000,0,24.974999999999994,481.6162916879966
2024-08-06,464.3,494.4,463.5,484.8,458815.007,2024-08-06 23:59:59.999,221910821.6103,588215,228954.24400000,110735193.22770000,0,6.6666666666666625,481.62676389755427
2024-08-07,484.9,497.7,468.1,475.0,322182.487,2024-08-07 23:59:59.999,155878721.2477,490829,155038.70900000,75075556.43660000,0,6.323435163426611,481.6114928475036
2024-08-08,475.0,521.7,467.5,517.1,286744.608,2024-08-08 23:59:59.999,142644959.0329,396134,153399.82400000,76408441.51650000,0,11.593582887700544,481.6841299728869
2024-08-09,517.2,518.4,498.7,508.7,195125.106,2024-08-09 23:59:59.999,99252951.0151,300036,87638.31600000,44592603.03840000,0,3.950270703829956,481.7217053461436
2024-08-10,508.7,525.4,507.2,523.1,126212.238,2024-08-10 23:59:59.999,65106264.4061,188096,69339.07400000,35767820.31780000,0,3.588328075709777,481.7588977896645
2024-08-11,523.2,535.8,502.3,503.4,206038.714,2024-08-11 23:59:59.999,107396614.4,327297,98236.25100000,51266008.83940000,0,6.669321122834948,481.79060602512857
2024-08-12,503.5,524.0,499.2,518.2,285951.347,2024-08-12 23:59:59.999,146276671.4102,434495,146689.81700000,75094982.75240000,0,4.967948717948721,481.8644928901768
2024-08-13,518.3,527.0,513.1,524.2,255029.497,2024-08-13 23:59:59.999,132679939.5935,350436,134962.11900000,70235963.36600000,0,2.709023582147725,481.94097705158384
2024-08-14,524.2,531.9,515.4,523.4,220850.011,2024-08-14 23:59:59.999,115904285.2938,379215,112167.63100000,58880894.10840000,0,3.2013969732246803,482.0057381038897
2024-08-15,523.4,533.9,510.0,519.2,229628.306,2024-08-15 23:59:59.999,119729441.4465,405281,115831.87700000,60442003.22240000,0,4.686274509803917,482.0660487517446
2024-08-16,519.2,524.5,509.9,519.7,174036.141,2024-08-16 23:59:59.999,90234466.8196,351806,86807.48700000,45026778.64940000,0,2.8633065306922973,482.1122419990984
2024-08-17,519.7,547.7,518.3,541.6,196365.586,2024-08-17 23:59:59.999,104648859.6598,304316,101830.01600000,54272526.58870000,0,5.672390507428148,482.19451383021885
2024-08-18,541.7,542.6,530.8,531.2,148890.018,2024-08-18 23:59:59.999,80080999.4861,279357,76081.30800000,40936215.38850000,0,2.2230595327807214,482.2458487977285
2024-08-19,531.3,560.7,529.1,558.4,233275.352,2024-08-19 23:59:59.999,126752012.1447,369716,119969.84700000,65225669.19250000,0,5.972405972405976,482.3706311722097
2024-08-20,558.5,574.9,558.2,569.4,422053.693,2024-08-20 23:59:59.999,239532350.7605,605130,211329.27000000,119969051.79130000,0,2.9917592260838286,482.62787132952207
2024-08-21,569.4,575.1,546.1,570.1,345601.77,2024-08-21 23:59:59.999,194150513.2876,460388,164997.58700000,92723372.39400000,0,5.310382713788683,482.8390747753148
2024-08-22,570.2,590.0,559.7,582.9,365020.284,2024-08-22 23:59:59.999,211506200.4228,618404,185013.46400000,107195458.08550000,0,5.4136144363051555,483.0935999451173
2024-08-23,583.0,600.6,574.3,591.7,387772.663,2024-08-23 23:59:59.999,226667831.476,587037,204719.79400000,119771913.91100000,0,4.579488072436021,483.38629126201266
2024-08-24,591.7,592.4,574.6,580.5,325168.897,2024-08-24 23:59:59.999,189230078.1068,604105,148297.54600000,86348526.95890000,0,3.0978071702053525,483.6052621708108
2024-08-25,580.5,583.9,569.0,573.9,195984.559,2024-08-25 23:59:59.999,112871783.1875,381566,95831.38300000,55206448.06260000,0,2.618629173989451,483.72780597996837
2024-08-26,573.9,575.6,546.7,548.2,280985.576,2024-08-26 23:59:59.999,157546934.309,560769,128590.02100000,72136958.76170000,0,5.286263032741902,483.85301030733314
2024-08-27,548.3,558.3,520.5,533.3,298073.974,2024-08-27 23:59:59.999,162636857.1307,597897,147268.46900000,80417440.27920000,0,7.262247838616706,483.95466630596184
2024-08-28,533.3,546.8,522.4,537.0,269794.777,2024-08-28 23:59:59.999,144652361.6358,558357,129669.71800000,69542603.27420000,0,4.670750382848388,484.05319039548147
2024-08-29,537.0,545.5,530.9,536.4,166187.113,2024-08-29 23:59:59.999,89803592.1243,462298,77052.59800000,41641444.60540000,0,2.7500470898474334,484.1130112594341
2024-08-30,536.4,543.4,522.0,535.2,197825.895,2024-08-30 23:59:59.999,105438037.1851,457496,97274.24000000,51843427.48080000,0,4.099616858237543,484.1824126505621
2024-08-31,535.2,541.5,531.1,532.9,95954.072,2024-08-31 23:59:59.999,51436756.3339,235799,48390.07800000,25944121.37700000,0,1.958199962342304,484.214492907616
2024-09-01,532.9,533.2,507.7,512.4,203698.867,2024-09-01 23:59:59.999,105736484.8896,499073,97996.31800000,50875125.98210000,0,5.022651171951951,484.25383853236394
2024-09-02,512.3,530.2,501.5,526.3,262984.426,2024-09-02 23:59:59.999,135310263.7192,517693,122427.64500000,63115913.27270000,0,5.722831505483558,484.32947937638613
2024-09-03,526.4,538.4,517.9,518.7,224481.65,2024-09-03 23:59:59.999,118957795.679,491809,109995.69600000,58332590.41770000,0,3.9582931067773703,484.38217815422513
2024-09-04,518.8,523.7,495.8,507.6,435892.306,2024-09-04 23:59:59.999,220932561.9079,813796,211512.05200000,107250257.91600000,0,5.627269060104887,484.4510978243156
2024-09-05,507.6,512.9,496.7,502.4,177237.32,2024-09-05 23:59:59.999,89376836.949,499358,86738.56900000,43744933.78590000,0,3.2615260720756973,484.4727355550184
2024-09-06,502.4,509.9,471.3,487.2,357704.727,2024-09-06 23:59:59.999,176434177.2464,786352,172277.42700000,85029143.58380000,0,8.190112454911938,484.4793549030838
2024-09-07,487.3,499.5,482.9,493.5,140367.312,2024-09-07 23:59:59.999,69061059.8594,355628,69462.50800000,34197391.85690000,0,3.4375647131911413,484.48793818611466
2024-09-08,493.6,506.9,490.7,503.1,135677.173,2024-09-08 23:59:59.999,67747241.9683,363517,65943.96500000,32934866.09500000,0,3.301406154473199,484.505040382104
2024-09-09,503.2,525.7,501.7,518.7,207528.54,2024-09-09 23:59:59.999,106181387.9937,510008,104448.20700000,53463562.17510000,0,4.783735299980079,484.5530336766928
2024-09-10,518.7,524.3,509.2,517.0,161417.812,2024-09-10 23:59:59.999,83683310.8278,390632,76377.95600000,39607041.63980000,0,2.965435978004707,484.5884164885998
2024-09-11,517.0,535.4,506.5,530.1,204079.602,2024-09-11 23:59:59.999,106177105.3379,568921,104929.49500000,54622625.40370000,0,5.705824284304043,484.6510764307842
2024-09-12,530.2,548.7,530.0,544.5,273877.8,2024-09-12 23:59:59.999,148485556.5668,596092,144631.25200000,78413199.55730000,0,3.528301886792461,484.76145377110095
2024-09-13,544.6,559.7,538.7,556.4,276743.273,2024-09-13 23:59:59.999,151886434.1994,558805,150764.06800000,82776453.64520000,0,3.898273621681826,484.89470830859295
2024-09-14,556.4,559.2,547.5,553.3,138432.964,2024-09-14 23:59:59.999,76552118.0914,259051,68935.46400000,38125941.41740000,0,2.136986301369871,484.9582975260249
2024-09-15,553.4,561.9,546.0,553.4,205254.79,2024-09-15 23:59:59.999,114158887.1805,413854,108382.04000000,60299565.06700000,0,2.912087912087908,485.0525017089842
2024-09-16,553.4,555.2,527.0,533.7,267953.69,2024-09-16 23:59:59.999,145272204.9542,581589,122959.27500000,66684496.95390000,0,5.351043643263766,485.13975798359155
2024-09-17,533.7,552.7,529.0,546.2,195288.36,2024-09-17 23:59:59.999,106087089.093,449287,98806.94800000,53670562.88640000,0,4.480151228733468,485.21947369751183
2024-09-18,546.2,559.7,536.8,559.5,201182.985,2024-09-18 23:59:59.999,109823535.9459,510408,104124.67700000,56878897.80020000,0,4.266020864381537,485.319241768677
2024-09-19,559.5,572.2,553.0,567.0,308427.742,2024-09-19 23:59:59.999,173555626.4165,558489,159138.29000000,89525211.65460000,0,3.471971066907784,485.4870855333756
2024-09-20,566.9,577.1,555.0,569.0,257077.709,2024-09-20 23:59:59.999,146299260.296,568811,128566.99400000,73190922.82870000,0,3.9819819819819866,485.62987851837846
2024-09-21,569.1,590.0,566.4,588.6,208752.23,2024-09-21 23:59:59.999,121144029.985,399532,117387.89300000,68095101.49920000,0,4.1666666666666705,485.77264576907345
2024-09-22,588.7,594.6,576.4,588.7,202978.791,2024-09-22 23:59:59.999,118527723.4824,418231,106161.36800000,62017516.57210000,0,3.157529493407364,485.9112200457244
2024-09-23,588.7,616.0,583.4,604.5,376010.207,2024-09-23 23:59:59.999,225838917.1862,659028,207878.54600000,124862780.75770000,0,5.587932807679127,486.20624760884647
2024-09-24,604.5,613.4,598.5,605.9,261622.131,2024-09-24 23:59:59.999,158406716.9744,565904,128330.00300000,77746137.64570000,0,2.489557226399328,486.4130779315921
2024-09-25,605.8,608.3,584.2,587.4,220793.948,2024-09-25 23:59:59.999,131577137.9882,447562,103334.17200000,61610721.07740000,0,4.12529955494692,486.56013559685596
2024-09-26,587.5,609.0,580.8,596.3,334337.474,2024-09-26 23:59:59.999,199000531.3556,646729,164202.41900000,97755734.67610000,0,4.855371900826454,486.80158617567076
2024-09-27,596.3,614.7,596.0,606.8,356901.64,2024-09-27 23:59:59.999,216600653.3691,639779,183915.11900000,111611796.73230000,0,3.137583892617457,487.0827658948097
2024-09-28,606.9,618.6,594.5,601.1,262593.381,2024-09-28 23:59:59.999,159074265.4612,469042,126538.93000000,76720055.72310000,0,4.053826745164007,487.2789962229082
2024-09-29,601.1,602.8,592.4,595.6,160103.084,2024-09-29 23:59:59.999,95653191.0634,328313,80456.12000000,48073936.19640000,0,1.7555705604321366,487.3925414147339
2024-09-30,595.6,595.8,563.5,567.4,324086.737,2024-09-30 23:59:59.999,187098291.1132,704335,161689.32100000,93395442.38850000,0,5.732031943212059,487.5619469399048
2024-10-01,567.4,583.1,536.8,547.3,476372.945,2024-10-01 23:59:59.999,266084992.2632,1024113,226523.52800000,126778022.92450000,0,8.625186289120728,487.74729345699967
2024-10-02,547.2,558.3,535.4,542.5,282193.663,2024-10-02 23:59:59.999,154229595.0561,567076,138035.90200000,75550263.68990000,0,4.277175943220018,487.8477415387195
2024-10-03,542.5,550.8,534.3,544.8,220702.342,2024-10-03 23:59:59.999,119668355.7484,609573,108719.14500000,58982532.72940000,0,3.08815272318922,487.9293403825835
2024-10-04,544.8,557.8,541.8,555.3,186169.628,2024-10-04 23:59:59.999,102741705.8821,484523,102959.10900000,56839978.94690000,0,2.9531192321889996,488.0106648412683
2024-10-05,555.3,565.2,551.6,563.0,124906.382,2024-10-05 23:59:59.999,70050933.4191,328254,60761.26600000,34078593.00210000,0,2.4655547498187134,488.07134882655345
2024-10-06,563.0,571.9,561.1,570.3,106787.34,2024-10-06 23:59:59.999,60348493.1096,289826,55204.84600000,31211053.10980000,0,1.9247905899126634,488.12819909713903
2024-10-07,570.4,581.8,563.5,564.3,213046.676,2024-10-07 23:59:59.999,122157732.7852,603464,105010.10500000,60250453.02340000,0,3.2475598935226184,488.2331195049195
2024-10-08,564.4,586.8,559.5,580.8,286276.177,2024-10-08 23:59:59.999,164556094.6575,687832,145094.70600000,83413211.81470000,0,4.879356568364603,488.4041323532892
2024-10-09,580.8,586.0,566.2,570.7,324396.054,2024-10-09 23:59:59.999,187764600.0406,706841,154596.09500000,89492357.72990000,0,3.4969975273754774,488.57605507160736
2024-10-10,570.8,572.9,551.5,563.9,178198.309,2024-10-10 23:59:59.999,100625398.3754,627366,83662.16400000,47242329.77080000,0,3.8803263825929237,488.6623962977071
2024-10-11,563.8,577.5,560.1,573.6,185095.358,2024-10-11 23:59:59.999,105075683.8837,494403,93541.93000000,53121267.58700000,0,3.106588109266198,488.7634053579749
2024-10-12,573.7,579.2,573.6,576.6,135773.959,2024-10-12 23:59:59.999,78315432.7874,350037,69184.05100000,39905229.82230000,0,0.9762900976290136,488.8399611559346
2024-10-13,576.6,578.5,564.9,572.2,118779.976,2024-10-13 23:59:59.999,67955148.4416,349095,55469.55900000,31738308.19180000,0,2.4075057532306645,488.90347322218116
2024-10-14,572.3,592.3,558.9,589.1,252803.176,2024-10-14 23:59:59.999,147353933.5377,622130,130768.05500000,76269272.01600000,0,5.976024333512252,489.06568658283186
2024-10-15,589.0,599.9,577.7,594.5,324305.897,2024-10-15 23:59:59.999,191193163.4713,935703,163870.92600000,96649890.77330000,0,3.842824995672482,489.2842045829662
2024-10-16,594.6,605.5,589.7,600.9,259951.129,2024-10-16 23:59:59.999,155177541.6939,732070,140185.65200000,83719054.95340000,0,2.679328472104452,489.4693218282087
2024-10-17,601.0,606.3,585.1,592.9,194199.416,2024-10-17 23:59:59.999,115638450.5871,574860,93570.26500000,55747742.55720000,0,3.6233122543154894,489.5973156593846
2024-10-18,592.9,602.4,591.8,599.2,136743.669,2024-10-18 23:59:59.999,81756722.0332,421335,70549.63000000,42179490.17900000,0,1.7911456573166649,489.69273620662364
2024-10-19,599.3,601.4,595.4,597.7,78940.239,2024-10-19 23:59:59.999,47206621.5769,208927,39529.22500000,23642332.86710000,0,1.0077258985555928,489.74699206869616
2024-10-20,597.8,607.3,593.1,605.9,123572.057,2024-10-20 23:59:59.999,74016985.857,306415,66012.89400000,39554372.68990000,0,2.3941999662788622,489.83825714714203
2024-10-21,605.9,611.8,591.5,598.8,275880.778,2024-10-21 23:59:59.999,166472429.799,627019,142994.75000000,86318025.85850000,0,3.4319526627218857,490.02906147110997
2024-10-22,598.8,609.0,587.0,593.8,203756.934,2024-10-22 23:59:59.999,121183814.7858,418879,101024.42000000,60105547.32110000,0,3.747870528109029,490.16309688293035
2024-10-23,593.8,595.0,573.0,584.9,225698.465,2024-10-23 23:59:59.999,131627008.0264,572617,102668.32100000,59858983.54290000,0,3.8394415357766145,490.2984468901401
2024-10-24,584.9,598.0,583.3,594.5,145781.537,2024-10-24 23:59:59.999,86192860.0254,463329,75688.05300000,44752330.67080000,0,2.5201440082290496,490.39451663199077
2024-10-25,594.5,597.6,565.8,575.3,254214.693,2024-10-25 23:59:59.999,148562012.6002,783030,123137.12900000,71922679.15200000,0,5.620360551431613,490.53080181140894
2024-10-26,575.3,587.1,571.6,583.4,119987.437,2024-10-26 23:59:59.999,69636988.2744,422862,63340.99600000,36756986.01520000,0,2.7116864940517846,490.60110755613715
2024-10-27,583.4,591.0,581.7,589.2,94455.099,2024-10-27 23:59:59.999,55358950.4306,270337,49282.81100000,28883808.91920000,0,1.5987622485817352,490.65983242347795
2024-10-28,589.3,604.6,585.5,601.1,189815.882,2024-10-28 23:59:59.999,112841110.9841,592169,99008.20800000,58878740.22810000,0,3.2621690862510713,490.79186001751054
2024-10-29,601.1,612.2,599.9,606.3,301555.357,2024-10-29 23:59:59.999,183028445.4459,684113,152630.66800000,92661284.69180000,0,2.050341723620615,491.0108179636902
2024-10-30,606.3,606.7,594.1,595.6,186706.281,2024-10-30 23:59:59.999,111921261.7247,532438,84981.26100000,50946899.79610000,0,2.1208550749032185,491.133425553335
2024-10-31,595.5,596.5,571.1,576.6,279156.175,2024-10-31 23:59:59.999,162569407.1743,570966,129369.02600000,75304570.02170000,0,4.447557345473643,491.2829646162777
2024-11-01,576.5,585.5,567.7,573.1,242255.184,2024-11-01 23:59:59.999,139653646.5376,699407,113435.93300000,65396861.97030000,0,3.1354588691210066,491.40700668682143
2024-11-02,573.1,577.2,562.4,568.6,143716.603,2024-11-02 23:59:59.999,81923716.4734,368434,66975.21900000,38194128.53690000,0,2.6315789473684332,491.4763726753125
2024-11-03,568.6,569.3,547.0,557.7,217508.468,2024-11-03 23:59:59.999,121252911.9394,701156,91016.78800000,50727921.69290000,0,4.076782449725769,491.56631428398066
2024-11-04,557.7,564.8,543.6,552.5,264951.833,2024-11-04 23:59:59.999,147460854.17364,773496,122080.26400000,67955779.67501000,0,3.899926416482695,491.66695599076667
2024-11-05,552.51,572.8,551.22,563.21,211437.753,2024-11-05 23:59:59.999,118914324.13832,803821,106907.21200000,60146719.16516000,0,3.9149522876528295,491.76113009880675
2024-11-06,563.21,595.0,563.0,592.22,535934.927,2024-11-06 23:59:59.999,312142762.64576,1406733,267207.46900000,155681528.97180000,0,5.683836589698046,492.09519842080806
2024-11-07,592.22,611.2,587.01,598.26,377600.506,2024-11-07 23:59:59.999,226127478.91521,957275,187894.31400000,112588476.23204000,0,4.120883800957404,492.3433583837964
2024-11-08,598.27,605.9,588.1,597.82,318752.718,2024-11-08 23:59:59.999,190252650.44896,840005,150398.01200000,89805835.67393000,0,3.026696140112218,492.55107568795785
2024-11-09,597.82,638.0,597.51,624.66,772172.655,2024-11-09 23:59:59.999,481873005.65544,1360388,393130.43300000,245155471.87992000,0,6.776455624173655,493.1783277882941
2024-11-10,624.67,644.2,611.62,627.33,812783.747,2024-11-10 23:59:59.999,513661217.73232,1433530,405539.87100000,256363759.66709000,0,5.326836924888009,493.8454441332428
2024-11-11,627.34,665.54,613.0,659.63,1006384.738,2024-11-11 23:59:59.999,635276133.39284,1851229,505902.41100000,319874186.99025000,0,8.570962479608477,494.8599923320578
2024-11-12,659.63,667.4,610.0,625.33,1166459.013,2024-11-12 23:59:59.999,743633998.73705,2169201,542848.44000000,346378141.73403000,0,9.409836065573767,495.77890690062
2024-11-13,625.42,638.06,598.6,620.68,1034672.114,2024-11-13 23:59:59.999,638914920.75909,1679578,480284.30000000,296893774.81949000,0,6.592048112261932,496.55436652084813
2024-11-14,620.68,660.4,610.5,622.3,1060649.7,2024-11-14 23:59:59.999,673257806.86197,2073886,519531.97900000,329976993.20338000,0,8.17362817362817,497.3496094129819
2024-11-15,622.3,628.3,603.4,619.37,654908.221,2024-11-15 23:59:59.999,403836027.70154,1675202,324324.27000000,200060279.65834000,0,4.1266158435531946,497.82423939338906
2024-11-16,619.37,633.7,617.5,622.69,447887.923,2024-11-16 23:59:59.999,279947693.94271,1380269,221546.11400000,138498321.05379000,0,2.6234817813765257,498.1555240058677
2024-11-17,622.69,647.6,605.2,618.9,595820.376,2024-11-17 23:59:59.999,373035601.88046,1620884,288897.06300000,180940155.29964000,0,7.005948446794444,498.580183713561
2024-11-18,618.93,630.91,612.1,618.93,483382.136,2024-11-18 23:59:59.999,300412598.77804,1390991,234583.25000000,145827909.52436000,0,3.0730272831236634,498.92260207900136
2024-11-19,618.93,621.41,605.21,615.5,420441.21,2024-11-19 23:59:59.999,258923024.56484,1223765,186002.96500000,114554397.07854000,0,2.676756828208379,499.21038646433226
2024-11-20,615.49,620.78,600.0,605.39,411142.628,2024-11-20 23:59:59.999,251205966.08475,1233524,187375.33200000,114598586.84172000,0,3.4633333333333285,499.4660884549825
2024-11-21,605.39,629.37,593.05,621.86,647295.158,2024-11-21 23:59:59.999,397863790.46244,1655881,320718.29900000,197260778.45904000,0,6.124272826911737,499.92838340713183
2024-11-22,621.86,639.64,615.05,633.0,582665.923,2024-11-22 23:59:59.999,366036815.39355,1632171,285301.91700000,179275565.00500000,0,3.998048939110647,500.37929140838315
2024-11-23,633.0,680.0,631.1,650.42,1071184.972,2024-11-23 23:59:59.999,704006630.9684,2402894,545730.22600000,358584310.38748000,0,7.748375851687526,501.30817107875254
2024-11-24,650.42,687.75,637.08,659.65,914571.368,2024-11-24 23:59:59.999,603815106.11156,1960144,456675.81000000,301687205.83291000,0,7.953475230740245,502.1407197427956
2024-11-25,659.65,676.79,626.43,636.2,783511.29,2024-11-25 23:59:59.999,511818189.88482,1737341,359913.34400000,235289862.43321000,0,8.039206295994767,502.741874998159
2024-11-26,636.16,645.57,600.02,613.51,814621.938,2024-11-26 23:59:59.999,506683169.58735,1691253,394958.02100000,245607153.06301000,0,7.591413619546026,503.25591309189247
2024-11-27,613.5,646.75,607.79,644.14,629623.885,2024-11-27 23:59:59.999,395138256.51757,1463772,315840.02800000,198260274.58520000,0,6.41010875466856,503.75942830864466
2024-11-28,644.15,664.68,639.79,653.83,684789.628,2024-11-28 23:59:59.999,447310382.25311,1584912,325572.21300000,212721133.31880000,0,3.8903390174901116,504.34051014076834
2024-11-29,653.84,663.8,648.42,654.67,429893.73,2024-11-29 23:59:59.999,281863687.62204,1180985,204696.95500000,134234843.73461000,0,2.371919434934147,504.7050419974656
2024-11-30,654.67,677.2,648.0,653.43,545812.569,2024-11-30 23:59:59.999,360781212.65124,1370197,263584.84100000,174291002.50955000,0,4.5061728395061795,505.16152283629935
2024-12-01,653.44,664.17,645.16,655.99,434417.253,2024-12-01 23:59:59.999,284736496.31933,1206704,195821.47200000,128387762.39500000,0,2.946555893111785,505.52908088773654
2024-12-02,656.0,667.2,627.99,647.82,771630.192,2024-12-02 23:59:59.999,496814257.59973,1857659,363671.59900000,234274750.57894000,0,6.243729995700574,506.1423429620032
2024-12-03,647.83,750.01,622.85,734.64,1575647.798,2024-12-03 23:59:59.999,1065360654.902801,2481338,813609.78990000,551323768.54200700,0,20.415830456771285,508.13574647675136
2024-12-04,734.64,793.86,720.0,739.53,2092976.428,2024-12-04 23:59:59.999,1585363383.638898,3385203,1051263.01570000,796586187.56915180,0,10.258333333333335,510.7864883751046
2024-12-05,739.54,739.9,690.0,717.1,1159099.388,2024-12-05 23:59:59.999,833940195.14058,2206192,583465.14700000,420106905.27894000,0,7.231884057971011,512.0871141957041
2024-12-06,717.1,745.93,705.06,730.22,747138.475,2024-12-06 23:59:59.999,543354617.64708,1495972,355694.72700000,258817011.76313000,0,5.7966697869684864,512.9699197785662
2024-12-07,730.22,761.0,729.69,749.72,445276.173,2024-12-07 23:59:59.999,332521641.55229,1244934,224356.29300000,167564901.52504000,0,4.29086324329509,513.5395803625191
2024-12-08,749.71,757.26,727.47,742.0,343120.564,2024-12-08 23:59:59.999,254746861.56089,1046084,164748.55600000,122380952.30374000,0,4.0950142273908146,513.9623947900104
2024-12-09,742.0,742.5,642.0,689.19,1068109.724,2024-12-09 23:59:59.999,750478040.89311,2260664,474036.51400000,333554568.83544000,0,15.654205607476634,514.9661218356549
2024-12-10,689.2,704.92,649.13,676.8,984801.75,2024-12-10 23:59:59.999,668829820.38149,2146483,479352.54900000,325795018.51865000,0,8.594580438432974,515.8163350564272
2024-12-11,676.8,713.0,658.54,711.21,526819.302,2024-12-11 23:59:59.999,363578391.09084,1217954,278015.74000000,191999589.39284000,0,8.269808971360895,516.3639344014681
2024-12-12,711.2,725.61,699.36,705.77,576876.965,2024-12-12 23:59:59.999,412636064.68138,1423605,296442.69400000,212129080.62271000,0,3.753431708991078,516.9434126043183
2024-12-13,705.77,729.88,696.8,725.72,548598.294,2024-12-13 23:59:59.999,392046785.60903,1149982,299496.89500000,214113892.33372000,0,4.747416762342142,517.5490804768835
2024-12-14,725.73,732.11,705.01,715.79,341929.145,2024-12-14 23:59:59.999,246341704.54359,1010826,172172.59900000,124078459.28453000,0,3.8439171075587613,517.9068827979347
2024-12-15,715.8,724.08,702.66,718.87,282457.795,2024-12-15 23:59:59.999,201977197.65233,1024397,128732.12300000,92056168.28860000,0,3.048416019127327,518.2060655945027
2024-12-16,718.87,730.0,704.16,720.58,483844.553,2024-12-16 23:59:59.999,346826686.35011,1382058,244520.14200000,175289935.07308000,0,3.66962054078619,518.7208448078339
2024-12-17,720.58,737.37,712.24,717.69,502868.872,2024-12-17 23:59:59.999,364062746.7002,1442171,255819.81300000,185253993.06500000,0,3.528305065708188,519.245476403542
2024-12-18,717.7,722.0,681.0,686.38,726576.022,2024-12-18 23:59:59.999,513577858.41071,1405247,356090.64100000,251864338.68310000,0,6.020558002936858,519.8797983802256
2024-12-19,686.39,705.57,648.63,665.62,840266.48,2024-12-19 23:59:59.999,570986179.2514,1697188,398098.96400000,270872593.92203000,0,8.77850238194349,520.5166773745194
2024-12-20,665.61,680.58,618.69,678.6,982349.406,2024-12-20 23:59:59.999,641954913.39672,1975278,466892.49200000,305587748.98379000,0,10.003394268535128,521.3202024761699
2024-12-21,678.6,693.39,652.0,663.49,529437.789,2024-12-21 23:59:59.999,356262914.98044,1047124,253611.57500000,170754688.10540000,0,6.348159509202452,521.7086045933734
2024-12-22,663.5,669.71,639.37,649.77,333704.376,2024-12-22 23:59:59.999,219106651.6007,818883,164511.43600000,108044083.47998000,0,4.745296150898546,521.9287411898943
2024-12-23,649.77,698.5,638.1,694.16,606364.091,2024-12-23 23:59:59.999,407676502.73876,1250928,302806.23300000,203690336.82751000,0,9.465601002977586,522.4650354501825
2024-12-24,694.16,699.0,682.68,696.9,386936.217,2024-12-24 23:59:59.999,267684126.6879,801176,190475.37700000,131820617.59587000,0,2.3905783090174095,522.8109497661413
2024-12-25,696.89,713.28,695.94,702.72,232510.25,2024-12-25 23:59:59.999,163663370.11294,619252,118137.78900000,83167971.71496000,0,2.4915941029398967,523.0250777961865
2024-12-26,702.71,719.99,683.0,689.4,381100.002,2024-12-26 23:59:59.999,266171547.7022,983804,182600.07900000,127585679.34142000,0,5.415812591508054,523.3490135004556
2024-12-27,689.4,718.88,685.73,691.85,347156.043,2024-12-27 23:59:59.999,241387898.60907,994784,165844.93800000,115403423.51757000,0,4.8342642147784085,523.6473384633283
2024-12-28,691.86,731.24,691.3,722.13,344251.861,2024-12-28 23:59:59.999,246552528.75129,873546,188079.92000000,134796278.57620000,0,5.777520613337199,523.9951944544774
2024-12-29,722.13,724.7,690.0,694.71,241528.144,2024-12-29 23:59:59.999,170580495.58564,611981,120436.01200000,85026437.36164000,0,5.028985507246383,524.2048497622706
2024-12-30,694.71,712.2,687.75,705.36,297267.103,2024-12-30 23:59:59.999,207719498.60121,862172,147887.07700000,103363994.49342000,0,3.5550708833151647,524.4782560620627
2024-12-31,705.35,714.99,698.48,702.3,235464.832,2024-12-31 23:59:59.999,166146690.59762,685689,116968.61000000,82555416.37537000,0,2.3637040430649394,524.6905819867752
2025-01-01,702.31,711.5,700.3,707.84,135703.339,2025-01-01 23:59:59.999,95912659.04516,450993,71288.59600000,50393053.58082000,0,1.5993145794659498,524.8165294507177
2025-01-02,707.84,715.8,698.04,706.25,292533.811,2025-01-02 23:59:59.999,206642127.74701,715222,148984.46100000,105250999.91415000,0,2.5442668041946006,525.0850907937479
2025-01-03,706.24,715.69,697.03,714.88,291701.675,2025-01-03 23:59:59.999,206214578.80261,703090,159091.00600000,112481688.30507000,0,2.67707272283834,525.3648168712591
2025-01-04,714.87,721.84,707.82,713.41,167274.262,2025-01-04 23:59:59.999,119663318.91078,477042,86559.12800000,61934765.70646000,0,1.9807295640134468,525.5236108080788
2025-01-05,713.41,713.93,702.51,709.29,115144.345,2025-01-05 23:59:59.999,81589551.0974,357365,58981.29800000,41793844.90639000,0,1.62559963559237,525.6303684328162
2025-01-06,709.29,745.29,705.91,729.42,357347.859,2025-01-06 23:59:59.999,259202689.33863,797928,184530.50600000,133801847.42062000,0,5.578614837585528,525.9971277651061
2025-01-07,729.42,733.33,691.2,698.01,436096.682,2025-01-07 23:59:59.999,311205654.41287,1160929,209418.60400000,149719600.52280000,0,6.095196759259258,526.3740908666039
2025-01-08,698.0,707.46,674.72,696.03,427277.957,2025-01-08 23:59:59.999,295988402.30722,1190705,207307.09000000,143686573.49684000,0,4.852383210813375,526.7375897561634
2025-01-09,696.03,701.72,675.12,685.48,331906.578,2025-01-09 23:59:59.999,229395154.56301,939316,162954.00400000,112702855.91574000,0,3.9400402891337873,527.0013505435
2025-01-10,685.47,700.69,683.18,693.21,234590.487,2025-01-10 23:59:59.999,162476464.702,738587,126493.74600000,87614375.51518000,0,2.5630141397582054,527.196315109357
2025-01-11,693.21,701.47,690.39,696.7,87734.79,2025-01-11 23:59:59.999,61027521.95983,334776,47204.38100000,32838208.15294000,0,1.6048899897159636,527.2706430624422
2025-01-12,696.71,698.63,689.8,693.34,78211.295,2025-01-12 23:59:59.999,54271115.40096,300207,40615.25800000,28184055.63100000,0,1.2800811829515861,527.3355349541108
2025-01-13,693.35,700.0,660.0,688.64,386629.943,2025-01-13 23:59:59.999,260749933.34469,1119948,172285.45600000,116338970.72958000,0,6.0606060606060606,527.6465169420434
2025-01-14,688.64,699.97,686.3,698.89,159723.609,2025-01-14 23:59:59.999,110907862.84401,486074,87445.14100000,60736371.70723000,0,1.9918403030744678,527.7827965165177
2025-01-15,698.89,715.0,688.45,714.59,282718.752,2025-01-15 23:59:59.999,198505959.43022,792835,154387.94000000,108432389.39035000,0,3.856489214903036,528.0455717910128
2025-01-16,714.59,717.5,700.5,708.1,268104.726,2025-01-16 23:59:59.999,190449199.40963,799246,139424.47500000,99040945.60188000,0,2.426837972876517,528.2854360816339
2025-01-17,708.1,729.97,708.1,721.76,289751.278,2025-01-17 23:59:59.999,208863892.21405,802129,151672.49900000,109373336.98918000,0,3.088546815421551,528.5635877945801
2025-01-18,721.76,723.32,695.0,709.52,370480.456,2025-01-18 23:59:59.999,261042036.22393,837865,176895.96000000,124655335.76936000,0,4.0748201438848985,528.8956153937797
2025-01-19,709.52,714.6,676.0,683.19,712985.298,2025-01-19 23:59:59.999,494826558.77689,1623738,336374.46500000,233420915.57247000,0,5.710059171597637,529.4385340251594
2025-01-20,683.2,709.38,671.0,682.51,668236.487,2025-01-20 23:59:59.999,460253770.23451,2049759,335402.82100000,231130283.09146000,0,5.719821162444112,529.9416853082831
2025-01-21,682.51,697.0,675.01,692.21,294203.471,2025-01-21 23:59:59.999,201877994.17057,1220430,151859.77100000,104214564.66133000,0,3.257729515118296,530.1761770911114
2025-01-22,692.21,704.13,689.93,695.52,218410.233,2025-01-22 23:59:59.999,152163801.08273,778968,110909.47200000,77263294.85262000,0,2.058179815343592,530.3533679877748
2025-01-23,695.52,697.65,680.26,689.74,331191.456,2025-01-23 23:59:59.999,227449444.31795,1136767,172713.45700000,118625872.17482000,0,2.55637550348396,530.6119547576845
2025-01-24,689.73,691.31,678.75,680.45,280584.305,2025-01-24 23:59:59.999,192311060.58876,722265,140230.18000000,96140355.31464000,0,1.8504604051565299,530.8176215793529
2025-01-25,680.45,689.56,677.68,686.4,140203.276,2025-01-25 23:59:59.999,96002980.7489,398257,75622.00700000,51781308.20444000,0,1.7530397827883362,530.9242565287966
2025-01-26,686.4,690.82,664.64,667.37,195887.168,2025-01-26 23:59:59.999,133335964.38517,468081,88543.09800000,60403895.56732000,0,3.938974482426586,531.0547928277123
2025-01-27,667.36,680.53,637.79,679.74,486667.795,2025-01-27 23:59:59.999,319943135.41218,1736427,226266.42900000,149018305.19618000,0,6.701265306762416,531.4073541503703
2025-01-28,679.75,682.88,659.4,661.29,202591.474,2025-01-28 23:59:59.999,136320412.20259,698982,89814.28000000,60466034.76642000,0,3.56081286017592,531.5354332048505
2025-01-29,661.28,680.01,659.37,667.97,255536.138,2025-01-29 23:59:59.999,171429451.13217,829325,114764.85400000,76940439.04410000,0,3.130260703398697,531.7049226723991
2025-01-30,667.97,682.99,666.0,677.53,145419.421,2025-01-30 23:59:59.999,98572665.66848,458024,76496.60000000,51850998.53154000,0,2.5510510510510525,531.8079408073141
2025-01-31,677.53,689.44,673.5,677.47,190707.861,2025-01-31 23:59:59.999,129837529.78904,578966,99029.15900000,67426140.07513000,0,2.366740905716415,531.9427662719411
2025-02-01,677.48,681.56,650.73,652.94,177371.372,2025-02-01 23:59:59.999,118479169.50354,572608,86308.99700000,57699722.53868000,0,4.737756058580352,532.0468402462634
2025-02-02,652.94,663.22,600.0,617.8,506728.603,2025-02-02 23:59:59.999,319686544.33016,2193785,229809.49000000,145092458.96521000,0,10.53666666666667,532.2570451483047
2025-02-03,617.8,619.19,500.0,617.21,1340856.885,2025-02-03 23:59:59.999,761429704.70862,4325820,636341.47300000,361857690.74544000,0,23.83800000000001,532.8045277461159
2025-02-04,617.21,619.24,557.88,572.69,549571.473,2025-02-04 23:59:59.999,320290589.1865,1769343,269099.03100000,156835668.31843000,0,10.998781099878112,532.9096035429767
2025-02-05,572.69,580.0,561.22,569.55,227055.225,2025-02-05 23:59:59.999,129716884.83023,925294,113084.94900000,64633093.80792000,0,3.346281315705066,532.9494402104433
2025-02-06,569.55,589.99,568.87,571.72,334342.953,2025-02-06 23:59:59.999,193969742.34818,1102386,169914.16500000,98604723.94882000,0,3.712623270694536,533.0114115443805
2025-02-07,571.71,589.9,570.58,577.71,222673.88,2025-02-07 23:59:59.999,129451341.96099,857222,110350.64600000,64202024.93827000,0,3.3860282519541407,533.0589448045262
2025-02-08,577.7,633.73,573.62,612.39,490805.546,2025-02-08 23:59:59.999,297489199.61406,1061209,252755.30800000,153206110.80392000,0,10.479062794184307,533.2444561375455
2025-02-09,612.39,648.13,602.4,615.81,774091.071,2025-02-09 23:59:59.999,486494461.58509,1655609,387923.38700000,243583255.93883000,0,7.591301460823377,533.547852141484
2025-02-10,615.81,622.42,596.24,618.65,360129.038,2025-02-10 23:59:59.999,218954195.88323,1383830,181866.32600000,110643924.08079000,0,4.390849322420493,533.693088652812
2025-02-11,618.65,646.94,615.08,642.11,488539.291,2025-02-11 23:59:59.999,310084181.73871,1641560,257131.66400000,163284133.28169000,0,5.179814007933929,533.9435088687227
2025-02-12,642.12,705.48,626.88,696.93,822216.623,2025-02-12 23:59:59.999,547344272.16887,2332162,457236.55100000,305075608.56680000,0,12.538284839203678,534.5746488857823
2025-02-13,696.92,732.0,658.28,664.72,1766921.695,2025-02-13 23:59:59.999,1235503153.47365,4414763,913886.03900000,639994821.09695000,0,11.198881934739022,535.6487242618409
2025-02-14,664.73,684.86,652.0,659.71,650460.875,2025-02-14 23:59:59.999,435455485.36749,1781548,330709.76200000,221466576.10648000,0,5.039877300613499,536.0245000250461
2025-02-15,659.72,671.43,653.46,662.21,255950.897,2025-02-15 23:59:59.999,169188074.94996,994231,126083.90400000,83327781.69396000,0,2.7499770452667205,536.1747173898952
2025-02-16,662.21,686.04,653.11,673.1,362205.963,2025-02-16 23:59:59.999,242885041.45402,1291598,181474.26400000,121707666.57568000,0,5.042029673408759,536.40500058884
2025-02-17,673.1,682.29,657.99,667.51,323350.276,2025-02-17 23:59:59.999,217073600.40769,1237030,165338.55300000,111023518.19536000,0,3.69306524415264,536.6015464669391
2025-02-18,667.52,668.3,629.65,648.18,366356.988,2025-02-18 23:59:59.999,237605531.27277,1391692,177257.30900000,115012941.00804000,0,6.138330818708803,536.7907456374724
2025-02-19,648.19,664.44,636.99,653.38,352798.243,2025-02-19 23:59:59.999,230093608.31893,1191211,193133.81900000,125969321.17783000,0,4.3093298167946195,536.98081440812
2025-02-20,653.38,659.03,645.88,656.36,215894.368,2025-02-20 23:59:59.999,140683645.98812,881876,106050.77300000,69114738.66123000,0,2.0359819161454107,537.0997913235639
2025-02-21,656.36,668.5,635.0,647.47,317327.155,2025-02-21 23:59:59.999,207737127.35011,1188753,147783.35700000,96718918.23002000,0,5.275590551181102,537.261233186861
2025-02-22,647.47,679.9,645.21,668.57,297923.184,2025-02-22 23:59:59.999,197901565.80744,943929,155840.86900000,103524783.65619000,0,5.376544070922636,537.44131053279
2025-02-23,668.57,671.1,648.49,658.42,166658.013,2025-02-23 23:59:59.999,110014935.59318,575895,84848.02600000,56019771.32977000,0,3.486561088066125,537.5340496775049
2025-02-24,658.41,659.56,610.6,614.2,360147.153,2025-02-24 23:59:59.999,228275603.70987,1455350,166933.09400000,105832570.00856000,0,8.018342613822456,537.6608416270286
2025-02-25,614.19,628.7,586.0,623.49,647434.612,2025-02-25 23:59:59.999,393335861.56722,2577232,318885.08900000,193882659.92564000,0,7.28668941979523,537.9152612853707
2025-02-26,623.49,632.14,594.07,611.57,428035.431,2025-02-26 23:59:59.999,263292239.55094,1692118,219184.86200000,134818476.50110000,0,6.408335718013017,538.0593234835349
2025-02-27,611.57,619.77,595.84,605.41,295518.116,2025-02-27 23:59:59.999,180214548.10665,1226636,148033.75300000,90303218.43496000,0,4.016178839957027,538.1501493672662
2025-02-28,605.41,606.33,559.71,588.07,600999.319,2025-02-28 23:59:59.999,348100030.61127,2432030,290649.36000000,168356328.27580000,0,8.329313394436404,538.2866835406501
2025-03-01,588.07,609.48,586.4,607.93,292254.356,2025-03-01 23:59:59.999,174627265.35593,907408,138923.86500000,83069359.86372000,0,3.935879945429748,538.3791868591409
2025-03-02,607.94,635.01,601.5,623.94,469069.23,2025-03-02 23:59:59.999,290922261.43101,1562454,245101.10000000,152067918.41563000,0,5.571072319201994,538.5612004697591
2025-03-03,623.94,624.36,567.5,576.1,497949.879,2025-03-03 23:59:59.999,296931073.33352,1973288,241553.66600000,144072117.41662000,0,10.019383259911898,538.6457825525557
2025-03-04,576.09,588.75,546.83,584.01,488869.851,2025-03-04 23:59:59.999,277254366.05704,2272449,239364.91600000,135969624.60744000,0,7.666002231040718,538.7459114418488
2025-03-05,584.01,606.06,580.57,598.24,206205.988,2025-03-05 23:59:59.999,122536170.87545,1100570,109983.89800000,65363592.43801000,0,4.390512771931014,538.8012494680223
2025-03-06,598.25,612.9,589.2,596.5,223701.39,2025-03-06 23:59:59.999,134753375.22754,988783,115838.98600000,69810960.69956000,0,4.0224032586557925,538.8594123153536
2025-03-07,596.49,610.2,577.23,594.77,289363.933,2025-03-07 23:59:59.999,172750428.92419,1444209,139088.37700000,83079063.06782000,0,5.711761342965547,538.9322209860576
2025-03-08,594.77,602.77,590.11,593.1,117220.631,2025-03-08 23:59:59.999,69991200.96482,584699,61572.32600000,36775210.39153000,0,2.1453627289827266,538.9607811493552
2025-03-09,593.1,593.1,550.2,554.65,246382.904,2025-03-09 23:59:59.999,140015234.56134,1116177,114473.66400000,65068828.59632000,0,7.7971646673936705,538.9781490155927
2025-03-10,554.65,573.4,523.01,531.49,410154.62,2025-03-10 23:59:59.999,225187261.71934,1870843,180204.62800000,99065035.02858000,0,9.63461501692128,538.96437511094
2025-03-11,531.49,566.0,507.0,551.61,691870.521,2025-03-11 23:59:59.999,377448189.6883,2542958,356080.30600000,194509409.31414000,0,11.637080867850099,539.0034911297772
2025-03-12,551.61,574.95,544.63,569.87,367224.211,2025-03-12 23:59:59.999,205368085.28517,1256293,193847.46800000,108461303.66392000,0,5.567082239318446,539.0540847669621
2025-03-13,569.87,613.71,567.99,579.8,647497.028,2025-03-13 23:59:59.999,379822302.22007,1747273,334188.04600000,196105919.06673000,0,8.049437490096661,539.1715057172036
2025-03-14,579.8,589.81,576.61,587.76,213012.082,2025-03-14 23:59:59.999,124194131.58567,762657,119668.70400000,69802426.57050000,0,2.2892422954856717,539.2175260629607
2025-03-15,587.76,619.96,587.49,619.83,254324.009,2025-03-15 23:59:59.999,153638521.26638,782849,145822.96900000,88061716.82361000,0,5.526902585575929,539.3085825667998
2025-03-16,619.82,622.8,593.06,602.2,255774.316,2025-03-16 23:59:59.999,154620391.15023,894863,128315.11600000,77571862.18962000,0,5.014669679290462,539.3799461416502
2025-03-17,602.21,643.72,602.04,631.69,591668.184,2025-03-17 23:59:59.999,372213621.75484,1356953,315023.62700000,198094659.14582000,0,6.923128031360054,539.621612965084
2025-03-18,631.68,643.33,620.28,627.81,443437.833,2025-03-18 23:59:59.999,280327124.87383,1122369,234818.22600000,148510772.63949000,0,3.716063713161809,539.7943091161471
2025-03-19,627.81,628.2,604.36,618.7,399993.645,2025-03-19 23:59:59.999,246061914.58732,1063862,198921.71200000,122395842.79462000,0,3.9446687404858087,539.9334431793958
2025-03-20,618.71,637.75,616.55,630.47,578472.125,2025-03-20 23:59:59.999,363283126.57964,1595124,303161.49900000,190477016.38663000,0,3.438488362663214,540.1637317492281
2025-03-21,630.47,637.8,624.92,635.17,262205.569,2025-03-21 23:59:59.999,165876355.89652,898550,142825.78700000,90374452.49758000,0,2.061063816168469,540.2731424287394
2025-03-22,635.16,636.1,623.79,627.01,140206.083,2025-03-22 23:59:59.999,88175594.70204,553359,72429.09600000,45550910.32958000,0,1.9734205421696502,540.3265212196796
2025-03-23,627.01,629.14,619.5,623.79,155602.578,2025-03-23 23:59:59.999,96944430.59188,554919,74107.91100000,46168947.43786000,0,1.5560936238902319,540.3834871172497
2025-03-24,623.8,639.5,618.0,637.08,307575.991,2025-03-24 23:59:59.999,193512028.36247,946889,159195.81300000,100185500.46030000,0,3.4789644012944985,540.5137676103537
2025-03-25,637.08,644.88,627.05,629.82,554571.557,2025-03-25 23:59:59.999,353137599.65513,1145565,279526.62400000,178017544.75809000,0,2.843473407224311,540.730189793891
2025-03-26,629.82,634.01,615.3,617.99,222093.835,2025-03-26 23:59:59.999,139017120.22607,598142,107003.36100000,67014650.57561000,0,3.040793109052501,540.8050983236988
2025-03-27,618.0,642.5,617.2,637.36,743401.847,2025-03-27 23:59:59.999,471692258.54266,1409175,404853.99100000,257031844.97872000,0,4.099157485418009,541.1174414327949
2025-03-28,637.36,637.51,616.0,619.81,317817.16,2025-03-28 23:59:59.999,199721001.67967,815115,162209.95400000,102012816.82467000,0,3.4918831168831153,541.2261202182858
2025-03-29,619.81,623.84,596.97,602.99,254422.261,2025-03-29 23:59:59.999,154421898.07789,821221,117317.84800000,71147891.75337000,0,4.501063705043805,541.2943295138131
2025-03-30,603.0,613.37,593.58,602.2,195649.405,2025-03-30 23:59:59.999,118304368.03307,645314,94617.90500000,57226801.24544000,0,3.334007210485522,541.3460093920752
2025-03-31,602.2,608.89,587.26,604.81,254764.269,2025-03-31 23:59:59.999,152922764.81958,884465,124962.91100000,75032301.51448000,0,3.683206756802778,541.416053487115
2025-04-01,604.81,618.54,604.46,611.13,565603.069,2025-04-01 23:59:59.999,346421089.82224,1089355,290668.75200000,178031689.04563000,0,2.3293518181517268,541.5864553014785
2025-04-02,611.12,614.0,584.85,590.68,399507.957,2025-04-02 23:59:59.999,240612013.9548,1295784,193292.74000000,116485587.68892000,0,4.9841839787979785,541.6710695393128
2025-04-03,590.67,610.58,578.46,592.67,507928.514,2025-04-03 23:59:59.999,303406596.77059,1371430,249191.24500000,148930615.97128000,0,5.552674342218996,541.7825777042538
2025-04-04,592.68,600.0,585.0,597.71,177145.405,2025-04-04 23:59:59.999,105181815.22505,810433,90706.29300000,53859108.42922000,0,2.564102564102564,541.8251931124591
2025-04-05,597.71,599.0,588.71,593.13,85938.079,2025-04-05 23:59:59.999,51106827.24289,380314,42255.81700000,25136751.77900000,0,1.7478894532112523,541.844151227186
2025-04-06,593.13,593.78,544.17,555.54,332256.265,2025-04-06 23:59:59.999,189035699.70554,1118055,158081.26800000,89897358.89043000,0,9.116636345259757,541.8636898328872
2025-04-07,555.55,567.6,520.0,554.6,727293.86,2025-04-07 23:59:59.999,397028708.94978,2220788,359672.82400000,196528892.59089000,0,9.153846153846159,541.9033387100868
2025-04-08,554.6,566.0,547.64,553.72,212191.86,2025-04-08 23:59:59.999,118512835.45122,1049822,108115.70400000,60396930.94729000,0,3.35256738003068,541.9140614700108
2025-04-09,553.72,585.97,534.3,582.32,378370.127,2025-04-09 23:59:59.999,213004910.74643,1609476,193982.12800000,109219970.26040000,0,9.670597042859832,541.97933588076
2025-04-10,582.32,583.58,566.17,578.03,369219.863,2025-04-10 23:59:59.999,212832786.45699,1138171,186081.31000000,107293864.22683000,0,3.0750481304202064,542.0360766428878
2025-04-11,578.03,590.36,575.7,585.93,174700.72,2025-04-11 23:59:59.999,101866043.54306,606797,96173.41800000,56083928.04283000,0,2.546465172833067,542.0687408881549
2025-04-12,585.93,600.48,584.0,596.11,137403.588,2025-04-12 23:59:59.999,81364745.95661,484239,79384.77700000,47028761.69221000,0,2.8219178082191814,542.1003522314078
